<?xml version='1.0' encoding='utf-8'?>
<!DOCTYPE hibernate-configuration PUBLIC
        "-//Hibernate/Hibernate Configuration DTD 3.0//EN"
        "http://hibernate.sourceforge.net/hibernate-configuration-3.0.dtd">

<hibernate-configuration>

    <session-factory>

        <!-- Database connection settings -->
        <!-- <property name="connection.driver_class">com.mysql.jdbc.Driver</property> -->
        <property name="connection.driver_class">oracle.jdbc.driver.OracleDriver</property>
        <!-- <property name="connection.url">jdbc:mysql://localhost/docrepository</property> -->
        <property name="connection.url">jdbc:oracle:thin:@localhost:1521:XE</property>
        <property name="connection.username">nhincuser</property>
        <property name="connection.password">nhincpass</property>

        <!-- SQL dialect -->
        <!-- <property name="dialect">org.hibernate.dialect.MySQLDialect</property> -->
        <property name="dialect">org.hibernate.dialect.OracleDialect</property>

        <!-- Enable Hibernate's automatic session context management -->
        <!-- <property name="current_session_context_class">thread</property> -->

        <!-- Disable the second-level cache  -->
        <property name="cache.provider_class">org.hibernate.cache.NoCacheProvider</property>

        <!-- Echo all executed SQL to stdout -->
        <property name="show_sql">true</property>
        <!-- configuration pool via c3p0-->
		<property name="c3p0.acquireRetryAttempts">4</property>
      <property name="c3p0.acquire_increment">1</property>
      <property name="c3p0.idle_test_period">100</property> <!-- seconds --> 
      <property name="c3p0.max_size">100</property>
      <property name="c3p0.max_statements">0</property>
      <property name="c3p0.min_size">3</property>
      <property name="c3p0.timeout">100</property> <!-- seconds -->
      
       <!-- DEPRECATED very expensive property name="c3p0.validate>-->
        <!-- Drop and re-create the database schema on startup -->
        <!-- <property name="hbm2ddl.auto">create</property> -->

        <mapping resource="Document.hbm.xml"/>
        <mapping resource="EventCode.hbm.xml"/>

    </session-factory>

</hibernate-configuration>
