<?xml version="1.0" encoding="UTF-8"?>
<Documents xmlns:xsi="http://www.w3.org/2001/XMLSchema-instance" xsi:noNamespaceSchemaLocation="document.xsd">
<Document>
<!-- <documentId>1</documentId> -->
<documentUniqueId>2.2.181033700.1</documentUniqueId>
<documentTitle>Summarization of Episode Note</documentTitle>
<authorPerson>MEGAHIT</authorPerson>
<authorInstitution>Social Security Administration</authorInstitution>
<authorRole></authorRole>
<authorSpecialty>General</authorSpecialty>
<availablityStatus>Active</availablityStatus>
<classCode>34133-9</classCode>
<classCodeScheme>2.16.840.1.113883.6.1</classCodeScheme>
<classCodeDisplayName>Summarization of Episode Note</classCodeDisplayName>
<confidentialityCode>Confidential</confidentialityCode>
<confidentialityCodeScheme>Confidential</confidentialityCodeScheme>
<confidentialityCodeDisplayName>Confidential</confidentialityCodeDisplayName>
<creationTime>20100121000000</creationTime>
<formatCode>CDAR2/IHE 1.0</formatCode>
<formatCodeScheme>formatCodeScheme_value</formatCodeScheme>
<formatCodeDisplayName>formatCodeDisplayName_value</formatCodeDisplayName>
<patientId>181033700</patientId>
<serviceStartTime>20080604000000</serviceStartTime>
<serviceStopTime>20080607000000</serviceStopTime>
<status>urn:oasis:names:tc:ebxml-regrep:StatusType:Approved</status>
<comments>Summarization of Episode Note</comments>
<hash></hash>
<facilityCode>UTF-8</facilityCode>
<facilityCodeScheme>UTF-8</facilityCodeScheme>
<facilityCodeDisplayName>UTF-8</facilityCodeDisplayName>
<intendedRecipientPerson>MEGAHIT</intendedRecipientPerson>
<intendedRecipientOrganization>Social Security Administration</intendedRecipientOrganization>
<languageCode>en-US</languageCode>
<legalAuthenticator>legal</legalAuthenticator>
<mimeType>text/xml</mimeType>
<parentDocumentId>2.2.181033700.1</parentDocumentId>
<parentDocumentRelationship>same</parentDocumentRelationship>
<practiceSetting>test</practiceSetting>
<practiceSettingScheme>test</practiceSettingScheme>
<practiceSettingDisplayName>test</practiceSettingDisplayName>
<size>8041</size>
<sourcePatientId>181033700</sourcePatientId>
<pid3>pid1^^^domain</pid3>
<pid5>Cameron^Sarah^Hannah^^</pid5>
<pid8>F</pid8>
<pid7>19610821</pid7>
<pid11>23 State Hwy 3^^Richmond^VA^23124^US</pid11>
<typeCode>test</typeCode>
<typeCodeScheme>test</typeCodeScheme>
<typeCodeDisplayName>test</typeCodeDisplayName>
<documentUri>2.2.181033700.1</documentUri>
<rawData><![CDATA[<?xml version="1.0"?>
<?xml-stylesheet type="text/xsl" href="CCD.xsl"?>
<ClinicalDocument xmlns="urn:hl7-org:v3" xmlns:voc="urn:hl7-org:v3/voc" xmlns:sdtc="urn:hl7-org:sdtc" xmlns:cda="urn:hl7-org:v3" xmlns:xsi="http://www.w3.org/2001/XMLSchema-instance" xsi:schemaLocation="urn:hl7-org:v3 http://xreg2.nist.gov:8080/hitspValidation/schema/cdar2c32/infrastructure/cda/C32_CDA.xsd">
<typeId root="2.16.840.1.113883.1.3" extension="POCD_HD000040"/>
<templateId root="2.16.840.1.113883.10.20.1"/>
<templateId root="2.16.840.1.113883.3.88.11.32.1"/>
<id nullFlavor="UNK"/>
<code code="34133-9" displayName="Summarization of episode note" codeSystem="2.16.840.1.113883.6.1" codeSystemName="LOINC"/>
<title>Continuity of Care Document</title>
<effectiveTime value="20100121140413-0500"/>
<confidentialityCode code="N" codeSystem="2.16.840.1.113883.5.25"/>
<languageCode code="en-US"/>
<recordTarget>
<patientRole>
<id extension="181033700" root="2.16.840.1.113883.4.1"/>
<addr use="HP">
<streetAddressLine>23 State Hwy 3</streetAddressLine>
<city>Richmond</city>
<state>VA</state>
<country>US</country>
<postalCode>23124</postalCode>
</addr>
<telecom use="HP" value="tel:+1-987-555-9876"/>
<telecom use="WP" value="tel:+1-987-555-9877"/>
<patient>
<name>
<prefix>Ms.</prefix>
<given>Sarah</given>
<given>Hannah</given>
<family>Cameron</family>
</name>
<administrativeGenderCode code="F" displayName="Female" codeSystem="2.16.840.1.113883.5.1" codeSystemName="HL7 AdministrativeGenderCode"/>
<birthTime value="19610821"/>
<maritalStatusCode code="M" displayName="Married" codeSystem="2.16.840.1.113883.5.2" codeSystemName="HL7 MaritalStatus"/>
<religiousAffiliationCode code="1071" displayName="Friends" codeSystem="2.16.840.1.113883.5.1076" codeSystemName="HL7 ReligiousAffiliation"/>
<raceCode code="2135-2" displayName="Hispanic or Latino" codeSystem="2.16.840.1.113883.6.238" codeSystemName="HL7 Race "/>
</patient>
</patientRole>
</recordTarget>
<author>
<time value="20100121140412-0500"/>
<assignedAuthor>
<id root="2.16.840.1.113883.4.6.1013905751"/>
<assignedPerson>
<name>
<prefix>Dr.</prefix>
<given>Barry</given>
<family>Blacksmith</family>
</name>
</assignedPerson>
<representedOrganization>
<id root="2.16.840.1.113883.3.190"/>
<name>Med Virginia</name>
</representedOrganization>
</assignedAuthor>
</author>
<custodian>
<assignedCustodian>
<representedCustodianOrganization>
<id root="2.16.840.1.113883.3.184"/>
<name>Social Security Administration</name>
</representedCustodianOrganization>
</assignedCustodian>
</custodian>
<legalAuthenticator>
<time value="20100121140412-0500"/>
<signatureCode code="S"/>
<assignedEntity>
<id root="191898-465161"/>
<representedOrganization>
<id root="1.3.18.103"/>
<name>Richmond Community Hospital</name>
</representedOrganization>
</assignedEntity>
</legalAuthenticator>
<participant typeCode="IND">
<associatedEntity classCode="ECON">
<code code="FAMMEMB" displayName="Family Member" codeSystem="2.16.840.1.113883.5.111" codeSystemName="HL7 RoleCode" />
<addr use="HP">
<streetAddressLine>4000 Minor St</streetAddressLine>
<city>Richmond</city>
<state>VA</state>
<country>US</country>
<postalCode>23218</postalCode>
</addr>
<telecom use="HP" value="tel:+1-987-555-9876"/>
<telecom use="WP" value="tel:+1-987-555-9877"/>
<associatedPerson>
<name>
<prefix>Mr </prefix>
<given>Fatherof</given>
<given>Y</given>
<family>Woundedwarrior</family>
<suffix>Jr.</suffix>
</name>
</associatedPerson>
</associatedEntity>
</participant>
<documentationOf>
<serviceEvent classCode="PCPR">
<effectiveTime>
<low value="20080604"/>
<high value="20080607"/>
</effectiveTime>
</serviceEvent>
</documentationOf>
<component>
<structuredBody>
<component>
<section>
<templateId root="2.16.840.1.113883.10.20.1.11"/>
<code code="11450-4" displayName="Problem List" codeSystem="2.16.840.1.113883.6.1" codeSystemName="LOINC"/>
<title>Problems</title>
<entry typeCode="DRIV">
<act classCode="ACT" moodCode="EVN">
<templateId root="2.16.840.1.113883.10.20.1.27"/>
<id root="M1c075-a24d-40f7-87b8-7X51748CC"/>
<code nullFlavor="NA"/>
<performer typeCode="PRF">
<assignedEntity>
<id root="2.16.840.1.113883.4.6.1013905751"/>
<addr>
<streetAddressLine>12 Good Ln</streetAddressLine>
<streetAddressLine>Apt 1G</streetAddressLine>
<city>Richmond</city>
<state>VA</state>
<country>USA</country>
<postalCode>23218</postalCode>
</addr>
<assignedPerson>
<name>
<prefix>Dr.</prefix>
<given>Marge</given>
<family>Bouvier</family>
<suffix>F</suffix>
</name>
</assignedPerson>
</assignedEntity>
</performer>
<entryRelationship typeCode="SUBJ">
<observation classCode="OBS" moodCode="EVN">
<templateId root="2.16.840.1.113883.10.20.1.28"/>
<id root="1234454-545" extension="dfetstg"/>
<code code="409586006" displayName="Complaint"  codeSystem="2.16.840.1.113883.6.96" codeSystemName="SNOMED CT"/>
<statusCode code="completed"/>
<effectiveTime>
<low value="20070604"/>
<high value="20090307"/>
</effectiveTime>
<value xsi:type="CD" code="756.51" displayName="Osteogenesis Imperfecta (OI) -Type II"  codeSystem="2.16.840.1.113883.6.2" codeSystemName="ICD9 CM"/>
<entryRelationship typeCode="REFR">
<observation classCode="OBS" moodCode="EVN">
<templateId root="2.16.840.1.113883.10.20.1.50"/>
<code code="33999-4" displayName="Status" codeSystem="2.16.840.1.113883.6.1" codeSystemName="LOINC"/>
<statusCode code="completed"/>
<value xsi:type="CD" code="55561003" displayName="Active" codeSystem="2.16.840.1.113883.6.96" codeSystemName="SNOMED CT" />
</observation>
</entryRelationship>
</observation>
</entryRelationship>
</act>
</entry>
</section>
</component>
<component>
<section>
<templateId root="2.16.840.1.113883.10.20.1.12"/>
<code code="47519-4" codeSystem="2.16.840.1.113883.6.1"/>
<title>History of Procedures</title>
<text>
 <content ID="proc-1">Patient arrived at 9:00 AM for scheduled procedure. The procedure was performed without incident. The patient was released at 11:00 PM. </content>
</text><entry typeCode="DRIV">
<procedure classCode="PROC" moodCode="EVN">
<templateId root="2.16.840.1.113883.10.20.1.29"/>
<id root="c8c911-a24d-40f7-87y8-7e51579648sb"/>
<code code="77080" displayName="Hip, spine, or central bone density testing- DEXA " codeSystem="2.16.840.1.113883.6.12" codeSystemName="CPT4">
</code>
<text>
<reference value="#proc-1"/>
</text>
<statusCode code="completed" displayName="Completed" codeSystem="2.16.840.1.113883.5.14" codeSystemName="ActStatus"/>
<effectiveTime value="20080604"/>
<performer typeCode="PRF">
<assignedEntity>
<id root="2.16.840.1.113883.4.6.1013904222"/>
<addr>
<streetAddressLine>612 Wharf Avenue</streetAddressLine>
<streetAddressLine>apt 1</streetAddressLine>
<city>Richmond</city>
<state>VA</state>
<country>USA</country>
<postalCode>21324</postalCode>
</addr>
<assignedPerson>
<name>
<prefix>Dr. </prefix>
<given>William</given>
<family>Shatner</family>
</name>
</assignedPerson>
</assignedEntity>
</performer>
</procedure>
</entry>
</section>
</component>
<component>
<section>
<templateId root="2.16.840.1.113883.10.20.1.14"/>
<code code="30954-2" codeSystem="2.16.840.1.113883.6.1"/>
<title>Relevant diagnostic tests and/or laboratory data</title>
<text> 
 <content ID="res-1">This result was very low and warrants additional testing. </content>
</text><entry typeCode="DRIV">
<observation classCode="OBS" moodCode="EVN">
<templateId root="2.16.840.1.113883.10.20.1.31"/>
<id root="2.16.840.1.113883.4.88.94200047" extension="987654"/>
<code code="16931-8" displayName="Hematocrit/Hemoglobin:Ratio" codeSystem="2.16.840.1.113883.6.1" codeSystemName="LOINC">
</code>
<text>
<reference value="#res-1"/>
</text>
<statusCode code="completed"/>
<effectiveTime>
<low value="20080604"/>
</effectiveTime>
<value xsi:type="PQ" value="25" unit="%" />
<interpretationCode code="L" displayName="Low" codeSystem="2.16.840.1.113883.5.83" codeSystemName="Observation Interpretation" />
<referenceRange>
<observationRange>
<text>43 - 52 % </text>
</observationRange>
</referenceRange>
</observation>
</entry>
</section>
</component>
</structuredBody>
</component>
</ClinicalDocument>
]]></rawData>
<eventCode>
<!-- <codeId>1</codeId> -->
<code>test</code>
<codeSchema>test</codeSchema>
<codeDisplayName>test</codeDisplayName>
</eventCode>
</Document>
</Documents>
